action_id,session_day,market_hash,token_hash,seconds_from_window_start,volatility_regime,net_cost_0p25,net_cost_0p5,net_cost_1p0
1,2026-06-06,2f2ff968d9c433db,e6c8c93626f1aaa2,-51.767,high,-0.676037,-0.852074,-1.204147
2,2026-06-06,2f2ff968d9c433db,e6c8c93626f1aaa2,-49.767,high,-1.676036,-1.852073,-2.204146
3,2026-06-06,2f2ff968d9c433db,e6c8c93626f1aaa2,-47.767,high,0.323962,0.147925,-0.204148
4,2026-06-06,6f22660e9f1ea2fa,970332538f9361a6,-46.4,high,-7.673239,-7.846478,-8.192957
5,2026-06-06,336b363f49423d6f,06344403bd597d56,-52.4,high,-7.677332,-7.854664,-8.209328
6,2026-06-06,336b363f49423d6f,06344403bd597d56,-50.4,low,-8.67733,-8.854662,-9.209327
7,2026-06-06,ea1d360199d3c574,daedb6fde315854f,-50.814,high,-13.678554,-13.857104,-14.214207
8,2026-06-06,ea1d360199d3c574,daedb6fde315854f,-48.814,low,-15.678552,-15.857102,-16.214205
9,2026-06-06,3621b8a19fb94fa2,c5a87d7ae0665acb,-58.556,low,0.700331,0.40066,-0.198681
10,2026-06-06,0443c037efb583b6,b2cbf5c4c17ffb70,-58.909,low,-0.677332,-0.854664,-1.209328
11,2026-06-06,0443c037efb583b6,b2cbf5c4c17ffb70,-56.909,low,-1.677331,-1.854663,-2.209328
12,2026-06-06,0443c037efb583b6,b2cbf5c4c17ffb70,-54.909,low,-1.677331,-1.854663,-2.209328
13,2026-06-06,0443c037efb583b6,b2cbf5c4c17ffb70,-52.909,low,-1.677331,-1.854663,-2.209328
14,2026-06-06,0443c037efb583b6,b2cbf5c4c17ffb70,-48.909,low,-1.677331,-1.854663,-2.209328
15,2026-06-06,0443c037efb583b6,b2cbf5c4c17ffb70,-46.909,low,-1.677331,-1.854663,-2.209328
16,2026-06-06,fd58a276a808eef2,5338712aaf22872d,-48.909,low,7.32267,7.145338,6.790674
17,2026-06-06,fd58a276a808eef2,5338712aaf22872d,-46.909,low,7.32267,7.145338,6.790674
18,2026-06-06,e1bc5fa0e92c2fd0,8d56d7dcdae3c61a,-48.909,low,8.319268,8.13853,7.777057
19,2026-06-06,e1bc5fa0e92c2fd0,81ea1e483b6905a3,-56.909,low,-14.679689,-14.859377,-15.218752
20,2026-06-06,e1bc5fa0e92c2fd0,81ea1e483b6905a3,-50.909,low,-14.679689,-14.859377,-15.218752
21,2026-06-06,635e19839be7055c,f5ec517a54953d8a,-59.716,high,4.319265,4.138528,3.777055
22,2026-06-06,635e19839be7055c,f5ec517a54953d8a,-57.716,high,0.319262,0.138526,-0.222947
23,2026-06-06,77f7170918e8a4cb,6c45794c2403f47a,-58.102,low,2.32533,2.150659,1.801318
24,2026-06-06,77f7170918e8a4cb,6c45794c2403f47a,-54.102,low,-6.674671,-6.849342,-7.198683
25,2026-06-06,11f7959fcf00c4fb,3904960dbd34492c,-56.634,high,-5.680734,-5.861471,-6.222944
26,2026-06-06,11f7959fcf00c4fb,3904960dbd34492c,-54.634,high,-8.680735,-8.861471,-9.222944
27,2026-06-06,11f7959fcf00c4fb,3904960dbd34492c,-52.634,high,-4.680736,-4.861472,-5.222946
28,2026-06-06,11f7959fcf00c4fb,3904960dbd34492c,-50.634,high,-4.680736,-4.861472,-5.222946
29,2026-06-06,c903f985cc7bc8fc,d8bcf87c91923e17,-51.156,high,7.320311,7.140624,6.781248
30,2026-06-06,c903f985cc7bc8fc,d8bcf87c91923e17,-47.156,high,9.320315,9.140628,8.781253
31,2026-06-06,e7796df69a5466d0,eba643380e5d517c,-55.156,high,-0.678551,-0.857102,-1.214204
32,2026-06-06,1d5bc8ede9a9ec86,e5dbc29aa6b3722d,-54.277,high,-3.678551,-3.857102,-4.214204
33,2026-06-06,1d5bc8ede9a9ec86,e5dbc29aa6b3722d,-52.277,high,-8.678553,-8.857103,-9.214206
34,2026-06-06,1d5bc8ede9a9ec86,e5dbc29aa6b3722d,-50.277,low,-8.678553,-8.857103,-9.214206
35,2026-06-06,9b37defedcb3f6a6,97722232e3b6d960,-57.535,high,6.325326,6.150656,5.801314
36,2026-06-06,9388241cae3f1b70,d72c04c5eda8f447,-47.535,low,-3.668616,-3.837232,-4.174463
37,2026-06-06,9388241cae3f1b70,d72c04c5eda8f447,-45.535,high,-4.668615,-4.83723,-5.174462
38,2026-06-06,c34d0d505b0cc1d3,65cc9f5edcd07b7c,-59.216,low,-1.678553,-1.857104,-2.214206
39,2026-06-06,c34d0d505b0cc1d3,65cc9f5edcd07b7c,-57.216,low,-8.30469,-8.609377,-9.218752
40,2026-06-06,c34d0d505b0cc1d3,65cc9f5edcd07b7c,-55.216,low,-3.679688,-3.859375,-4.21875
41,2026-06-06,b5f49603499db27f,c54a6e3f9c53b18e,-47.304,high,-4.680736,-4.861472,-5.222946
42,2026-06-06,b5f49603499db27f,c54a6e3f9c53b18e,-45.304,low,-4.680736,-4.861472,-5.222946
43,2026-06-06,1c61a0f308e14794,04259d3b6b5281b5,-55.704,high,2.31831,2.136617,1.77323
44,2026-06-06,1c61a0f308e14794,04259d3b6b5281b5,-51.704,high,9.31831,9.136617,8.773231
45,2026-06-06,1c61a0f308e14794,04259d3b6b5281b5,-49.704,low,4.318308,4.136615,3.773229
46,2026-06-06,119f593b5fa7eb64,0212d5cb8c6062b5,-55.704,high,2.067451,1.634899,0.769795
47,2026-06-06,da493223fb21d4e9,d1cd0e6343d9ab6e,-56.439,low,-4.679686,-4.859374,-5.218749
48,2026-06-06,da493223fb21d4e9,d1cd0e6343d9ab6e,-54.439,high,-1.679686,-1.859374,-2.218749
49,2026-06-06,e84dd351a014d249,8f3b32518c63e5f3,-58.13,high,-2.680735,-2.861472,-3.222945
50,2026-06-06,e84dd351a014d249,1159dfba4302de1b,-46.13,low,8.32031,8.140622,7.781247
51,2026-06-06,c46d97608b4ad618,f9482614825ac864,-59.784,low,-3.178552,-3.357102,-3.714204
52,2026-06-06,c46d97608b4ad618,f9482614825ac864,-57.784,high,-6.678551,-6.857102,-7.214204
53,2026-06-06,c46d97608b4ad618,f64b16b9b3a68eff,-53.784,high,1.318311,1.136618,0.773231
54,2026-06-06,c46d97608b4ad618,f64b16b9b3a68eff,-51.784,high,1.318311,1.136618,0.773231
55,2026-06-06,c46d97608b4ad618,f64b16b9b3a68eff,-49.784,high,2.31831,2.136617,1.77323
56,2026-06-06,c9ee527d5394ceff,6d347597c1a15a38,-59.733,low,1.320311,1.140623,0.781248
57,2026-06-06,c9ee527d5394ceff,6d347597c1a15a38,-57.733,low,1.320311,1.140623,0.781248
58,2026-06-06,c9ee527d5394ceff,6d347597c1a15a38,-55.733,low,1.320311,1.140623,0.781248
59,2026-06-06,c9ee527d5394ceff,6d347597c1a15a38,-53.733,high,1.320311,1.140623,0.781248
60,2026-06-06,9da727d9cc764a55,ce539ae5ff4b0d78,-59.393,low,-0.673239,-0.846479,-1.192957
61,2026-06-06,9da727d9cc764a55,ce539ae5ff4b0d78,-57.393,low,-0.673239,-0.846479,-1.192957
62,2026-06-06,9da727d9cc764a55,ce539ae5ff4b0d78,-53.393,high,1.326762,1.153523,0.807044
63,2026-06-06,9da727d9cc764a55,ce539ae5ff4b0d78,-51.393,high,1.326762,1.153523,0.807044
64,2026-06-06,9da727d9cc764a55,ce539ae5ff4b0d78,-49.393,high,1.326762,1.153523,0.807044
65,2026-06-06,9da727d9cc764a55,ce539ae5ff4b0d78,-47.393,low,1.326762,1.153523,0.807044
66,2026-06-06,9da727d9cc764a55,ce539ae5ff4b0d78,-45.393,low,1.326762,1.153523,0.807044
67,2026-06-06,7ead77601d47b658,4e91e2d9354f60bb,-52.993,high,17.321451,17.1429,16.7858
68,2026-06-06,7ead77601d47b658,4e91e2d9354f60bb,-50.993,low,13.321448,13.142898,12.785795
69,2026-06-06,d690e16d7d1f5f35,6475642d19f618a4,-52.086,high,13.318306,13.136613,12.773227
70,2026-06-06,0b914c53258fc878,6ae14c0dbca22e55,-58.523,low,-0.678551,-0.857102,-1.214204
71,2026-06-06,0b914c53258fc878,6ae14c0dbca22e55,-56.523,low,2.323964,2.147926,1.795853
72,2026-06-06,0b914c53258fc878,6ae14c0dbca22e55,-54.523,low,6.323966,6.147928,5.795855
73,2026-06-06,0b914c53258fc878,6ae14c0dbca22e55,-52.523,low,6.323966,6.147928,5.795855
74,2026-06-06,0b914c53258fc878,6ae14c0dbca22e55,-50.523,low,6.323966,6.147928,5.795855
75,2026-06-06,0b914c53258fc878,6ae14c0dbca22e55,-48.523,high,5.322672,5.145339,4.790674
76,2026-06-06,829a0d3a10325357,4e9c10063668982b,-54.003,high,-6.680737,-6.861474,-7.222947
77,2026-06-06,829a0d3a10325357,4e9c10063668982b,-50.003,high,1.322669,1.145337,0.790673
78,2026-06-06,829a0d3a10325357,4e9c10063668982b,-48.003,high,-1.677331,-1.854663,-2.209328
79,2026-06-06,829a0d3a10325357,4e9c10063668982b,-46.003,low,-1.677331,-1.854663,-2.209328
80,2026-06-06,a260dd65c13e87da,2d7185fa2c20804e,-49.919,high,7.319262,7.138526,6.777052
81,2026-06-06,b441a5fd98f0a185,560ca90c093d7e8d,-47.165,low,-9.678552,-9.857102,-10.214205
82,2026-06-06,b441a5fd98f0a185,560ca90c093d7e8d,-45.165,low,-1.678553,-1.857104,-2.214206
83,2026-06-06,9189361e98197192,8ec6196a2dfa8e94,-53.165,low,-2.67733,-2.854662,-3.209327
84,2026-06-06,9189361e98197192,8ec6196a2dfa8e94,-51.165,low,-3.677332,-3.854664,-4.209328
85,2026-06-06,9189361e98197192,8ec6196a2dfa8e94,-49.165,low,-4.677331,-4.854664,-5.209328
86,2026-06-06,9189361e98197192,8ec6196a2dfa8e94,-47.165,low,-4.677331,-4.854664,-5.209328
87,2026-06-06,9189361e98197192,8ec6196a2dfa8e94,-45.165,low,0.32267,0.145338,-0.209326
88,2026-06-06,f1ca7ae77b0070c1,75b94bfb54ac68a3,-50.578,low,4.322666,4.145334,3.79067
89,2026-06-06,72e11f7570d4c392,78860e8dcce84b76,-51.128,high,-3.683962,-3.867921,-4.23584
90,2026-06-06,46bbd8efd6332e13,29c874eaf8cce951,-59.658,high,2.326761,2.153522,1.807043
91,2026-06-06,46bbd8efd6332e13,29c874eaf8cce951,-57.658,high,7.32676,7.15352,6.807041
92,2026-06-06,46bbd8efd6332e13,29c874eaf8cce951,-55.658,high,8.326764,8.153526,7.807047
93,2026-06-06,46bbd8efd6332e13,29c874eaf8cce951,-53.658,high,8.326764,8.153526,7.807047
94,2026-06-06,46bbd8efd6332e13,29c874eaf8cce951,-51.658,high,8.326764,8.153526,7.807047
95,2026-06-06,46bbd8efd6332e13,29c874eaf8cce951,-49.658,high,8.326764,8.153526,7.807047
96,2026-06-06,46bbd8efd6332e13,29c874eaf8cce951,-45.658,high,5.326761,5.153522,4.807043
97,2026-06-06,80b07c09d9908284,2ea633ccc7ffa62a,-55.658,high,6.321449,6.142898,5.785796
98,2026-06-06,80b07c09d9908284,2ea633ccc7ffa62a,-51.658,high,7.321448,7.142896,6.785795
99,2026-06-06,80b07c09d9908284,2ea633ccc7ffa62a,-49.658,high,8.321446,8.142896,7.785794
100,2026-06-06,80b07c09d9908284,2ea633ccc7ffa62a,-45.658,high,4.696453,4.392902,3.7858
101,2026-06-06,5b59936a8a10991c,39078e5b9108965e,-59.113,low,1.319261,1.138525,0.777052
102,2026-06-06,5b59936a8a10991c,39078e5b9108965e,-57.113,low,2.319266,2.13853,1.777057
103,2026-06-06,9b5fdf95fa717cd0,b5b643781ca57c03,-50.176,high,18.32145,18.142899,17.785797
104,2026-06-06,7fa4212879da122b,ed09fc0884a1c2fc,-56.875,high,13.320312,13.140624,12.781249
105,2026-06-06,7fa4212879da122b,ed09fc0884a1c2fc,-54.875,high,14.320311,14.140623,13.781248
106,2026-06-06,7fa4212879da122b,ed09fc0884a1c2fc,-52.875,high,12.320312,12.140625,11.78125
107,2026-06-06,da53fadd4d1c4b3a,e11092d7586a7333,-56.527,low,0.319262,0.138526,-0.222947
108,2026-06-06,da53fadd4d1c4b3a,e11092d7586a7333,-54.527,high,0.319262,0.138526,-0.222947
109,2026-06-06,da53fadd4d1c4b3a,e11092d7586a7333,-52.527,high,0.318306,0.136613,-0.226774
110,2026-06-06,a6524bc137c84932,59b64ae16efc7cb7,-58.633,high,-7.678553,-7.857104,-8.214206
111,2026-06-06,5ba146242dbabc40,9cb013187d99d16e,-59.88,low,4.320314,4.140626,3.781252
112,2026-06-06,5ba146242dbabc40,9cb013187d99d16e,-57.88,low,9.320315,9.140628,8.781253
113,2026-06-06,5ba146242dbabc40,9cb013187d99d16e,-55.88,high,9.320315,9.140628,8.781253
114,2026-06-06,c802e992ddd5b13b,4437484f1419a48d,-59.491,low,-1.679686,-1.859374,-2.218749
115,2026-06-06,c802e992ddd5b13b,4437484f1419a48d,-57.491,low,-1.679686,-1.859374,-2.218749
116,2026-06-06,c802e992ddd5b13b,4437484f1419a48d,-47.491,low,-3.679688,-3.859375,-4.21875
117,2026-06-06,e86bd1e9c500db5d,a3d75f2c059536da,-58.357,high,1.322669,1.145337,0.790673
118,2026-06-06,e86bd1e9c500db5d,a3d75f2c059536da,-48.357,low,1.325328,1.150657,0.801316
119,2026-06-06,e86bd1e9c500db5d,a3d75f2c059536da,-46.357,high,2.698963,2.397926,1.795852
120,2026-06-06,d71d6c8ed2bb6515,a7ded560ad702660,-53.73,low,-0.680737,-0.861473,-1.222946
121,2026-06-06,d71d6c8ed2bb6515,a7ded560ad702660,-47.73,high,-1.680736,-1.861472,-2.222946
122,2026-06-06,d71d6c8ed2bb6515,a7ded560ad702660,-45.73,high,-0.680737,-0.861473,-1.222946
123,2026-06-06,af4f9edd6f168ca8,6d9c73eb731f05be,-59.387,high,-1.679686,-1.859374,-2.218749
124,2026-06-06,af4f9edd6f168ca8,6d9c73eb731f05be,-45.387,high,2.32031,2.140622,1.781247
125,2026-06-06,f0917f4e2868d6bd,8772807e167ce3ec,-59.829,high,0.326763,0.153523,-0.192955
126,2026-06-06,f0917f4e2868d6bd,8772807e167ce3ec,-57.829,low,-0.673239,-0.846479,-1.192957
127,2026-06-06,f0917f4e2868d6bd,b0dce3d4a524cea8,-47.829,high,-1.684498,-1.868996,-2.237994
128,2026-06-06,f0917f4e2868d6bd,b0dce3d4a524cea8,-45.829,low,-1.684498,-1.868996,-2.237994
129,2026-06-06,1ca08ebafed0817d,ba1d757187029650,-51.829,high,-0.682552,-0.865104,-1.230208
130,2026-06-06,1ca08ebafed0817d,ba1d757187029650,-49.829,high,-0.682552,-0.865104,-1.230208
131,2026-06-06,1ca08ebafed0817d,ba1d757187029650,-47.829,high,-2.68255,-2.865102,-3.230206
132,2026-06-06,1ca08ebafed0817d,ba1d757187029650,-45.829,low,-2.68255,-2.865102,-3.230206
133,2026-06-06,443004532118ff0c,27dea9fdd4000042,-59.829,high,-2.178552,-2.357103,-2.714205
134,2026-06-06,443004532118ff0c,27dea9fdd4000042,-55.829,high,2.322668,2.145336,1.790672
135,2026-06-06,443004532118ff0c,27dea9fdd4000042,-53.829,high,2.322668,2.145336,1.790672
136,2026-06-06,443004532118ff0c,27dea9fdd4000042,-51.829,high,3.322667,3.145335,2.790671
137,2026-06-06,443004532118ff0c,27dea9fdd4000042,-49.829,high,3.322667,3.145335,2.790671
138,2026-06-06,443004532118ff0c,27dea9fdd4000042,-47.829,high,2.322668,2.145336,1.790672
139,2026-06-06,443004532118ff0c,27dea9fdd4000042,-45.829,low,1.322669,1.145337,0.790673
140,2026-06-06,12b3d667979d243e,377290490f4a3141,-57.454,high,-1.680736,-1.861472,-2.222946
141,2026-06-06,9efeb02d707129c4,adf972a8b4940427,-48.149,low,-6.678551,-6.857102,-7.214204
142,2026-06-06,b304b4b346d282a7,4e77a92126aad83f,-59.419,low,3.325329,3.150658,2.801317
143,2026-06-06,b304b4b346d282a7,4e77a92126aad83f,-53.419,high,-0.676037,-0.852074,-1.204147
144,2026-06-06,b304b4b346d282a7,4e77a92126aad83f,-51.419,low,6.323966,6.147928,5.795855
145,2026-06-06,b304b4b346d282a7,4e77a92126aad83f,-49.419,low,6.323966,6.147928,5.795855
146,2026-06-06,db61f787eecc64e1,7ed9fc785c2dded0,-59.188,low,-3.677332,-3.854664,-4.209328
147,2026-06-06,db61f787eecc64e1,7ed9fc785c2dded0,-57.188,low,-5.30233,-5.604663,-6.209327
148,2026-06-06,cef8bfa591aca5e1,8d9dc4cda392dff3,-51.101,high,-18.680738,-18.861473,-19.222948
149,2026-06-06,cef8bfa591aca5e1,8d9dc4cda392dff3,-49.101,high,-18.680738,-18.861473,-19.222948
150,2026-06-06,cef8bfa591aca5e1,8d9dc4cda392dff3,-47.101,high,-26.680737,-26.861473,-27.222946
151,2026-06-06,cef8bfa591aca5e1,8d9dc4cda392dff3,-45.101,high,-26.680737,-26.861473,-27.222946
152,2026-06-06,fca5896c75c56b54,61b111fb823e92de,-45.688,high,-10.680737,-10.861473,-11.222946
153,2026-06-06,8b39631f7eaa2d19,616348a5d2d1c010,-58.181,high,-1.680736,-1.861472,-2.222946
154,2026-06-06,8b39631f7eaa2d19,616348a5d2d1c010,-56.181,low,-0.680737,-0.861473,-1.222946
155,2026-06-06,b4d40eecf4140bed,050e338760f6a45c,-58.181,high,-2.679689,-2.859376,-3.218751
156,2026-06-06,b4d40eecf4140bed,050e338760f6a45c,-56.181,low,-2.679689,-2.859376,-3.218751
157,2026-06-06,b4d40eecf4140bed,050e338760f6a45c,-54.181,high,-2.679689,-2.859376,-3.218751
158,2026-06-06,b4d40eecf4140bed,050e338760f6a45c,-52.181,low,-7.679687,-7.859374,-8.21875
159,2026-06-06,b4d40eecf4140bed,050e338760f6a45c,-50.181,low,-7.679687,-7.859374,-8.21875
160,2026-06-06,b4d40eecf4140bed,050e338760f6a45c,-48.181,low,-7.679687,-7.859374,-8.21875
161,2026-06-06,b4d40eecf4140bed,050e338760f6a45c,-46.181,high,-7.679687,-7.859374,-8.21875
162,2026-06-06,a65f64eaf41691de,1813b892fbbd71f4,-49.953,high,-0.680737,-0.861473,-1.222946
163,2026-06-06,7bfcad29d773608f,db10f1cde7c80c36,-58.739,low,2.323964,2.147926,1.795853
164,2026-06-06,7bfcad29d773608f,db10f1cde7c80c36,-56.739,low,2.323964,2.147926,1.795853
165,2026-06-06,7bfcad29d773608f,db10f1cde7c80c36,-50.739,low,2.323964,2.147926,1.795853
166,2026-06-06,7bfcad29d773608f,db10f1cde7c80c36,-46.739,high,2.323964,2.147926,1.795853
167,2026-06-06,5d4023b1c2fd447d,97e2acd9839fcbff,-54.739,low,3.325329,3.150658,2.801317
168,2026-06-06,5d4023b1c2fd447d,97e2acd9839fcbff,-52.739,low,3.325329,3.150658,2.801317
169,2026-06-06,5d4023b1c2fd447d,97e2acd9839fcbff,-50.739,low,5.328252,5.156502,4.813004
170,2026-06-06,5d4023b1c2fd447d,97e2acd9839fcbff,-48.739,high,5.328252,5.156502,4.813004
171,2026-06-06,5d4023b1c2fd447d,97e2acd9839fcbff,-46.739,high,5.328252,5.156502,4.813004
172,2026-06-06,1983ebec81563e0b,4ea36325eeedb613,-48.739,high,-0.679688,-0.859375,-1.21875
173,2026-06-06,f77b91e42d4f2409,73ecbeb96ac7dd64,-53.141,low,16.325329,16.15066,15.801318
174,2026-06-06,f77b91e42d4f2409,73ecbeb96ac7dd64,-51.141,low,15.32533,15.150659,14.801318
175,2026-06-06,f77b91e42d4f2409,73ecbeb96ac7dd64,-49.141,low,15.32533,15.150659,14.801318
176,2026-06-06,f77b91e42d4f2409,73ecbeb96ac7dd64,-47.141,low,16.325329,16.15066,15.801318
177,2026-06-06,7302e2fe5a1bb16e,97507342da204c11,-53.141,low,3.325329,3.150658,2.801317
178,2026-06-06,7302e2fe5a1bb16e,97507342da204c11,-51.141,low,3.325329,3.150658,2.801317
179,2026-06-06,7302e2fe5a1bb16e,97507342da204c11,-49.141,low,4.325328,4.150657,3.801316
180,2026-06-06,7302e2fe5a1bb16e,97507342da204c11,-47.141,low,4.325328,4.150657,3.801316
181,2026-06-06,7302e2fe5a1bb16e,97507342da204c11,-45.141,low,5.325327,5.150656,4.801316
182,2026-06-06,c88d1869b31fbd1e,6b23fc397fe65158,-56.715,high,-6.677332,-6.854665,-7.209329
183,2026-06-06,c88d1869b31fbd1e,6b23fc397fe65158,-54.715,high,-4.677331,-4.854664,-5.209328
184,2026-06-06,c88d1869b31fbd1e,6b23fc397fe65158,-52.715,high,-6.677332,-6.854665,-7.209329
185,2026-06-06,97b9ce383aa5e8c3,4ec71edf1290fb2a,-59.215,low,2.333015,2.16603,1.83206
186,2026-06-06,97b9ce383aa5e8c3,4ec71edf1290fb2a,-57.215,low,0.333014,0.166029,-0.167941
187,2026-06-06,97b9ce383aa5e8c3,4ec71edf1290fb2a,-55.215,low,3.333014,3.16603,2.83206
188,2026-06-06,97b9ce383aa5e8c3,4ec71edf1290fb2a,-53.215,low,4.333016,4.166031,3.832062
189,2026-06-06,97b9ce383aa5e8c3,4ec71edf1290fb2a,-51.215,high,-0.666985,-0.83397,-1.16794
190,2026-06-06,97b9ce383aa5e8c3,4ec71edf1290fb2a,-49.215,high,0.333014,0.166029,-0.167941
191,2026-06-06,97b9ce383aa5e8c3,4ec71edf1290fb2a,-47.215,high,1.333016,1.166031,0.832061
192,2026-06-06,97b9ce383aa5e8c3,4ec71edf1290fb2a,-45.215,high,1.333016,1.166031,0.832061
193,2026-06-06,fbf44ad1e1ef1b1d,5a86a0cdd2b100b5,-59.656,high,7.320311,7.140624,6.781248
194,2026-06-06,fbf44ad1e1ef1b1d,5a86a0cdd2b100b5,-57.656,high,19.320312,19.140623,18.78125
195,2026-06-06,fbf44ad1e1ef1b1d,5a86a0cdd2b100b5,-55.656,low,19.320312,19.140623,18.78125
196,2026-06-06,fbf44ad1e1ef1b1d,5a86a0cdd2b100b5,-53.656,low,19.320312,19.140623,18.78125
197,2026-06-06,fbf44ad1e1ef1b1d,5a86a0cdd2b100b5,-47.656,high,22.320314,22.140627,21.781252
198,2026-06-06,fbf44ad1e1ef1b1d,5a86a0cdd2b100b5,-45.656,high,22.320314,22.140627,21.781252
199,2026-06-06,32b519e6f337e81d,a5291a44c89c63a3,-52.571,low,-0.679688,-0.859375,-1.21875
200,2026-06-06,32b519e6f337e81d,a5291a44c89c63a3,-50.571,low,1.320311,1.140623,0.781248
201,2026-06-06,32b519e6f337e81d,a5291a44c89c63a3,-48.571,high,1.320311,1.140623,0.781248
202,2026-06-06,1ace50473625f420,23c28ce960929458,-45.224,high,-6.678551,-6.857102,-7.214204
203,2026-06-06,83a50a3f96a9c27d,cd9a567f213b1e27,-58.885,low,-2.674672,-2.849342,-3.198684
204,2026-06-06,83a50a3f96a9c27d,cd9a567f213b1e27,-46.885,high,11.325328,11.150657,10.801316
205,2026-06-06,6c1a02e8c7b93e2b,49e3199ae3a2fe2b,-56.401,high,6.320312,6.140624,5.78125
206,2026-06-06,6c1a02e8c7b93e2b,49e3199ae3a2fe2b,-54.401,high,6.320312,6.140624,5.78125
207,2026-06-06,0833a6f7f52813c8,194cbfd6f060e068,-55.79,high,-11.679689,-11.859377,-12.218752
208,2026-06-06,0833a6f7f52813c8,194cbfd6f060e068,-53.79,high,-11.679689,-11.859377,-12.218752
209,2026-06-06,cfd5e28ec7d50c74,59d8f4e9c5666b18,-59.435,low,5.326761,5.153522,4.807043
210,2026-06-06,cfd5e28ec7d50c74,59d8f4e9c5666b18,-57.435,low,5.326761,5.153522,4.807043
211,2026-06-06,8e4fd855871bb7fb,5484994985f0519b,-59.435,low,0.320312,0.140624,-0.218751
212,2026-06-06,7ae53ef987f87ae0,ca84d7c8da45127e,-59.392,low,7.320311,7.140624,6.781248
213,2026-06-06,7ae53ef987f87ae0,ca84d7c8da45127e,-57.392,high,5.320313,5.140626,4.78125
214,2026-06-06,7ae53ef987f87ae0,ca84d7c8da45127e,-55.392,high,5.320313,5.140626,4.78125
215,2026-06-06,7ae53ef987f87ae0,ca84d7c8da45127e,-53.392,high,6.320312,6.140624,5.78125
216,2026-06-06,7ae53ef987f87ae0,ca84d7c8da45127e,-51.392,low,6.320312,6.140624,5.78125
217,2026-06-06,b99a7e00ca84e64e,f96185452a3d0a43,-58.057,low,-0.679688,-0.859375,-1.21875
218,2026-06-06,b99a7e00ca84e64e,f96185452a3d0a43,-56.057,low,0.320312,0.140624,-0.218751
219,2026-06-06,b99a7e00ca84e64e,f96185452a3d0a43,-54.057,low,-3.679688,-3.859375,-4.21875
220,2026-06-06,b99a7e00ca84e64e,f96185452a3d0a43,-50.057,low,-11.679689,-11.859377,-12.218752
221,2026-06-07,c98a46e12dd89c5a,35723aa0b430870b,-47.695,high,-0.678551,-0.857102,-1.214204
222,2026-06-07,c98a46e12dd89c5a,35723aa0b430870b,-45.695,high,2.321446,2.142896,1.785794
223,2026-06-07,4e4cc069a5424caa,dc03507082cd0394,-48.936,low,2.321446,2.142896,1.785794
224,2026-06-07,4e4cc069a5424caa,dc03507082cd0394,-46.936,low,3.321445,3.142894,2.785792
225,2026-06-07,5ced199855c83639,3c4500f7a0fe3702,-46.936,low,6.320312,6.140624,5.78125
226,2026-06-07,e021de0ef51dc4b0,3b6508254c0d7298,-59.621,high,0.323962,0.147925,-0.204148
227,2026-06-07,e021de0ef51dc4b0,3b6508254c0d7298,-51.621,high,-2.676038,-2.852075,-3.204148
228,2026-06-07,e021de0ef51dc4b0,3b6508254c0d7298,-49.621,high,-3.676037,-3.852074,-4.204148
229,2026-06-07,e021de0ef51dc4b0,3b6508254c0d7298,-47.621,high,1.323964,1.147928,0.795854
230,2026-06-07,cb8fbb8927ef44f8,eb51d77d6220dd55,-58.852,high,1.323964,1.147928,0.795854
231,2026-06-07,058f656095a94233,1bd2dcbbbb0d7d95,-50.069,high,-0.671749,-0.843498,-1.186996
232,2026-06-07,058f656095a94233,1bd2dcbbbb0d7d95,-48.069,high,-3.671749,-3.843498,-4.186996
233,2026-06-07,058f656095a94233,1bd2dcbbbb0d7d95,-46.069,high,-6.67175,-6.843498,-7.186996
234,2026-06-07,058f656095a94233,22213b5863b9097d,-54.069,high,0.691039,0.38208,-0.235838
235,2026-06-07,058f656095a94233,22213b5863b9097d,-52.069,high,-1.684923,-1.869847,-2.239694
236,2026-06-07,0b27f9670425f4c4,7119266988ea1a02,-46.208,high,-1.681692,-1.863385,-2.226772
237,2026-06-07,22d68400d087eb8a,cbb90e783884b11d,-59.75,low,-0.678551,-0.857102,-1.214204
238,2026-06-07,22d68400d087eb8a,cbb90e783884b11d,-57.75,low,-0.678551,-0.857102,-1.214204
239,2026-06-07,22d68400d087eb8a,cbb90e783884b11d,-55.75,low,0.321448,0.142897,-0.214204
240,2026-06-07,22d68400d087eb8a,cbb90e783884b11d,-53.75,high,0.321448,0.142897,-0.214204
241,2026-06-07,22d68400d087eb8a,cbb90e783884b11d,-51.75,high,1.321447,1.142896,0.785795
242,2026-06-07,22d68400d087eb8a,cbb90e783884b11d,-49.75,high,1.321447,1.142896,0.785795
243,2026-06-07,22d68400d087eb8a,cbb90e783884b11d,-47.75,high,9.321445,9.142895,8.785792
244,2026-06-07,22d68400d087eb8a,cbb90e783884b11d,-45.75,high,10.321451,10.1429,9.785798
245,2026-06-07,b663309633162df6,01364068f9e3b1fa,-46.242,high,2.31831,2.136617,1.77323
246,2026-06-07,a48489d1e52ec80a,fccaef812b21814c,-58.242,high,-1.676036,-1.852073,-2.204146
247,2026-06-07,a48489d1e52ec80a,fccaef812b21814c,-56.242,high,-2.676038,-2.852075,-3.204148
248,2026-06-07,a48489d1e52ec80a,fccaef812b21814c,-54.242,low,-1.676036,-1.852073,-2.204146
249,2026-06-07,a48489d1e52ec80a,fccaef812b21814c,-52.242,high,-2.928549,-3.3571,-4.214202
250,2026-06-07,cfdf96aef37f31b5,8341c7aaf4c9d046,-56.242,high,-1.674673,-1.849343,-2.198684
251,2026-06-07,66fc6cc030844767,442b511186e66458,-59.266,high,1.322669,1.145337,0.790673
252,2026-06-07,66fc6cc030844767,442b511186e66458,-57.266,high,1.322669,1.145337,0.790673
253,2026-06-07,66fc6cc030844767,442b511186e66458,-55.266,high,-4.677331,-4.854664,-5.209328
254,2026-06-07,66fc6cc030844767,442b511186e66458,-53.266,low,1.322669,1.145337,0.790673
255,2026-06-07,66fc6cc030844767,442b511186e66458,-49.266,low,5.322672,5.145339,4.790674
256,2026-06-07,66fc6cc030844767,442b511186e66458,-45.266,low,5.322672,5.145339,4.790674
257,2026-06-07,231424268ad68bbd,cc0c78f659cecab9,-51.564,low,6.321449,6.142898,5.785796
258,2026-06-07,231424268ad68bbd,cc0c78f659cecab9,-45.564,high,8.321446,8.142896,7.785794
259,2026-06-07,9489487e0b51db29,907db26aa77cb016,-45.256,high,-8.679689,-8.859377,-9.218752
260,2026-06-07,ec61f816aa2403d2,adaa55fd000e45be,-49.256,high,-8.679689,-8.859377,-9.218752
261,2026-06-07,ec61f816aa2403d2,adaa55fd000e45be,-47.256,high,-17.67969,-17.859377,-18.218752
262,2026-06-07,ec61f816aa2403d2,adaa55fd000e45be,-45.256,high,-17.67969,-17.859377,-18.218752
263,2026-06-07,3a5a62d5836458ba,a16528b03769db02,-51.84,high,7.320311,7.140624,6.781248
264,2026-06-07,3a5a62d5836458ba,a16528b03769db02,-49.84,low,8.32031,8.140622,7.781247
265,2026-06-07,3a5a62d5836458ba,a16528b03769db02,-47.84,low,8.32031,8.140622,7.781247
266,2026-06-07,dff01d96c892eabc,128a532bece0168a,-59.885,low,2.32031,2.140622,1.781247
267,2026-06-07,dff01d96c892eabc,128a532bece0168a,-57.885,low,5.320313,5.140626,4.78125
268,2026-06-07,dff01d96c892eabc,128a532bece0168a,-55.885,low,5.320313,5.140626,4.78125
269,2026-06-07,dff01d96c892eabc,128a532bece0168a,-53.885,low,9.320315,9.140628,8.781253
270,2026-06-07,dff01d96c892eabc,128a532bece0168a,-51.885,low,15.32031,15.140622,14.781247
271,2026-06-07,dff01d96c892eabc,128a532bece0168a,-49.885,low,17.320314,17.140627,16.781252
272,2026-06-07,01c3c77807f68f71,b55e19c668854724,-56.157,high,-2.681691,-2.863384,-3.226771
273,2026-06-07,5af2671cc2595c53,04489c8c1c7a34f8,-59.531,high,0.321448,0.142897,-0.214204
274,2026-06-07,5af2671cc2595c53,04489c8c1c7a34f8,-57.531,high,0.321448,0.142897,-0.214204
275,2026-06-07,5af2671cc2595c53,04489c8c1c7a34f8,-55.531,high,1.321447,1.142896,0.785795
276,2026-06-07,5af2671cc2595c53,04489c8c1c7a34f8,-53.531,high,1.321447,1.142896,0.785795
277,2026-06-07,5af2671cc2595c53,04489c8c1c7a34f8,-51.531,low,-0.678551,-0.857102,-1.214204
278,2026-06-07,5af2671cc2595c53,04489c8c1c7a34f8,-49.531,low,-1.678553,-1.857104,-2.214206
279,2026-06-07,5af2671cc2595c53,04489c8c1c7a34f8,-47.531,low,-4.678553,-4.857104,-5.214206
280,2026-06-07,5af2671cc2595c53,04489c8c1c7a34f8,-45.531,low,-5.679689,-5.859376,-6.218752
281,2026-06-07,5cadfd0e64ed043d,69cf28e4012a6fed,-59.531,high,-3.674671,-3.849342,-4.198682
282,2026-06-07,5cadfd0e64ed043d,69cf28e4012a6fed,-57.531,high,-3.299668,-3.599339,-4.19868
283,2026-06-07,5cadfd0e64ed043d,69cf28e4012a6fed,-55.531,high,-3.299668,-3.599339,-4.19868
284,2026-06-07,5cadfd0e64ed043d,69cf28e4012a6fed,-51.531,low,-1.29967,-1.599341,-2.198682
285,2026-06-07,5cadfd0e64ed043d,69cf28e4012a6fed,-49.531,low,-2.299669,-2.59934,-3.198681
286,2026-06-07,5cadfd0e64ed043d,69cf28e4012a6fed,-47.531,low,-3.299668,-3.599339,-4.19868
287,2026-06-07,5cadfd0e64ed043d,69cf28e4012a6fed,-45.531,low,-3.299668,-3.599339,-4.19868
288,2026-06-07,21c9e31f054cbabf,a8ea91c938a70e38,-56.601,low,11.320313,11.140626,10.781251
289,2026-06-07,21c9e31f054cbabf,a8ea91c938a70e38,-50.601,low,11.320313,11.140626,10.781251
290,2026-06-07,af6fc4f22ed5edcc,d2109e0b17e51656,-58.067,high,-0.680737,-0.861473,-1.222946
291,2026-06-07,af6fc4f22ed5edcc,7df37e31b90ec5f6,-48.067,low,-4.679686,-4.859374,-5.218749
292,2026-06-07,8fb0271fc9509065,1c63527e18015cdf,-59.675,low,0.321448,0.142897,-0.214204
293,2026-06-07,8fb0271fc9509065,1c63527e18015cdf,-57.675,low,2.32031,2.140622,1.781247
294,2026-06-07,8fb0271fc9509065,1c63527e18015cdf,-47.675,high,14.321447,14.142897,13.785794
295,2026-06-07,8fb0271fc9509065,1c63527e18015cdf,-45.675,high,13.321448,13.142898,12.785795
296,2026-06-07,c130022050b2d6e2,f129cdecb91beeee,-52.857,high,-3.679688,-3.859375,-4.21875
297,2026-06-07,dad775f660296c15,df8f6010d10db442,-53.675,high,5.323961,5.147924,4.79585
298,2026-06-07,dad775f660296c15,df8f6010d10db442,-51.675,low,6.323966,6.147928,5.795855
299,2026-06-07,dad775f660296c15,df8f6010d10db442,-47.675,low,6.323966,6.147928,5.795855
300,2026-06-07,dad775f660296c15,df8f6010d10db442,-45.675,low,6.323966,6.147928,5.795855
301,2026-06-07,49e6fd6ccef0512e,f22a5b98543234d7,-51.675,low,-0.681693,-0.863386,-1.226772
302,2026-06-07,116d1f3f60ba6c4e,4672208e6ab170c3,-59.443,high,-0.679688,-0.859375,-1.21875
303,2026-06-07,116d1f3f60ba6c4e,4672208e6ab170c3,-55.443,high,7.320311,7.140624,6.781248
304,2026-06-07,116d1f3f60ba6c4e,4672208e6ab170c3,-53.443,high,2.32031,2.140622,1.781247
305,2026-06-07,116d1f3f60ba6c4e,4672208e6ab170c3,-51.443,high,-0.679688,-0.859375,-1.21875
306,2026-06-07,116d1f3f60ba6c4e,4672208e6ab170c3,-49.443,high,-0.679688,-0.859375,-1.21875
307,2026-06-07,116d1f3f60ba6c4e,4672208e6ab170c3,-47.443,high,-6.679688,-6.859376,-7.21875
308,2026-06-07,116d1f3f60ba6c4e,4672208e6ab170c3,-45.443,high,-6.679688,-6.859376,-7.21875
309,2026-06-07,a54e7f5d128b10e6,445d70e87a607c73,-47.069,high,2.321446,2.142896,1.785794
310,2026-06-07,ed52e5c92294c1ec,0e4c2de5c83fd689,-56.813,low,5.320313,5.140626,4.78125
311,2026-06-07,ed52e5c92294c1ec,0e4c2de5c83fd689,-54.813,low,6.320312,6.140624,5.78125
312,2026-06-07,ed52e5c92294c1ec,0e4c2de5c83fd689,-52.813,low,6.320312,6.140624,5.78125
313,2026-06-07,ed52e5c92294c1ec,0e4c2de5c83fd689,-50.813,low,12.320312,12.140625,11.78125
314,2026-06-07,ed52e5c92294c1ec,0e4c2de5c83fd689,-46.813,low,8.32031,8.140622,7.781247
315,2026-06-07,218cd4b8cedba3dd,ce5a2d6f2675de96,-58.833,low,4.320314,4.140626,3.781252
316,2026-06-07,218cd4b8cedba3dd,ce5a2d6f2675de96,-54.833,high,7.320311,7.140624,6.781248
317,2026-06-07,218cd4b8cedba3dd,ce5a2d6f2675de96,-52.833,high,6.320312,6.140624,5.78125
318,2026-06-08,524003263df33a9b,b051c2755e6fecda,-56.297,high,4.320314,4.140626,3.781252
319,2026-06-08,524003263df33a9b,b051c2755e6fecda,-54.297,high,6.320312,6.140624,5.78125
320,2026-06-08,524003263df33a9b,b051c2755e6fecda,-52.297,high,6.320312,6.140624,5.78125
321,2026-06-08,524003263df33a9b,b051c2755e6fecda,-50.297,high,10.320314,10.140627,9.781252
322,2026-06-08,524003263df33a9b,b051c2755e6fecda,-48.297,high,14.320311,14.140623,13.781248
323,2026-06-08,524003263df33a9b,b051c2755e6fecda,-46.297,high,17.320314,17.140627,16.781252
324,2026-06-08,41ae583c748cce1e,10d9f34a79906b59,-58.97,high,-3.926037,-4.352074,-5.204148
325,2026-06-08,41ae583c748cce1e,10d9f34a79906b59,-52.97,high,1.328252,1.156503,0.813005
326,2026-06-08,41ae583c748cce1e,10d9f34a79906b59,-50.97,high,-1.671748,-1.843497,-2.186995
327,2026-06-08,41ae583c748cce1e,10d9f34a79906b59,-48.97,high,-2.67175,-2.843499,-3.186997
328,2026-06-08,41ae583c748cce1e,10d9f34a79906b59,-46.97,high,-2.67175,-2.843499,-3.186997
329,2026-06-08,42b54116666129bb,5b67c1a54dbe75d5,-58.97,high,-4.678553,-4.857104,-5.214206
330,2026-06-08,42b54116666129bb,5b67c1a54dbe75d5,-56.97,high,-5.678552,-5.857104,-6.214205
331,2026-06-08,42b54116666129bb,5b67c1a54dbe75d5,-48.97,high,-13.678554,-13.857104,-14.214207
332,2026-06-08,42b54116666129bb,5b67c1a54dbe75d5,-46.97,high,-13.678554,-13.857104,-14.214207
333,2026-06-08,d01e6c07f2591950,b2f5d6f1ba7832ef,-52.651,high,0.321448,0.142897,-0.214204
334,2026-06-08,b9d195c6ade284f0,76df746f7f424001,-58.439,low,-12.680737,-12.861474,-13.222947
335,2026-06-08,3a1b7caf263c8041,f9ea95db2a5e7ddc,-48.846,high,-17.681694,-17.863386,-18.226772
336,2026-06-08,72d6ef1f4e957239,4c4c61eb52772155,-59.564,low,-0.676037,-0.852074,-1.204147
337,2026-06-08,72d6ef1f4e957239,4c4c61eb52772155,-49.564,high,2.698963,2.397926,1.795852
338,2026-06-08,03459deaaabae7e5,35805b6e090c732a,-54.482,high,0.320312,0.140624,-0.218751
339,2026-06-08,9abcdb78240d9c8b,bc97bc39186d9725,-54.482,high,-0.679688,-0.859375,-1.21875
340,2026-06-08,8189a4f244e4f019,a5b5345473f3e89b,-51.067,high,-11.679689,-11.859377,-12.218752
341,2026-06-08,8189a4f244e4f019,a5b5345473f3e89b,-49.067,high,-12.679688,-12.859376,-13.218751
342,2026-06-08,8189a4f244e4f019,a5b5345473f3e89b,-47.067,high,-11.679689,-11.859377,-12.218752
343,2026-06-08,b05d141839d0f8a3,323a1c893645e548,-53.407,high,-15.679688,-15.859376,-16.21875
344,2026-06-08,b05d141839d0f8a3,323a1c893645e548,-51.407,high,-17.67969,-17.859377,-18.218752
345,2026-06-08,b05d141839d0f8a3,323a1c893645e548,-49.407,low,-16.679688,-16.859377,-17.21875
346,2026-06-08,fbe02d6df7b5c100,5a82911e294cf9bb,-58.289,high,6.320312,6.140624,5.78125
347,2026-06-08,fbe02d6df7b5c100,5a82911e294cf9bb,-56.289,high,5.320313,5.140626,4.78125
348,2026-06-08,fbe02d6df7b5c100,5a82911e294cf9bb,-52.289,high,7.320311,7.140624,6.781248
349,2026-06-08,fbe02d6df7b5c100,5a82911e294cf9bb,-48.289,high,14.320311,14.140623,13.781248
350,2026-06-08,65d55482e919f2e8,ed51657d80daab27,-58.289,high,4.320314,4.140626,3.781252
351,2026-06-08,65d55482e919f2e8,ed51657d80daab27,-56.289,high,5.320313,5.140626,4.78125
352,2026-06-08,65d55482e919f2e8,ed51657d80daab27,-48.289,high,8.32031,8.140622,7.781247
353,2026-06-08,368edbea31a95e71,36e6eaa91ff094b0,-54.648,high,1.320311,1.140623,0.781248
354,2026-06-08,368edbea31a95e71,36e6eaa91ff094b0,-46.648,high,10.320314,10.140627,9.781252
355,2026-06-08,ac22c44ac533a824,cb38b2a63b365e74,-55.151,low,24.695312,24.390623,23.78125
356,2026-06-08,65c13713b82af291,d6ac72b98edd140f,-59.836,low,1.320311,1.140623,0.781248
357,2026-06-08,65c13713b82af291,d6ac72b98edd140f,-55.836,high,2.32031,2.140622,1.781247
358,2026-06-08,65c13713b82af291,d6ac72b98edd140f,-53.836,high,3.320315,3.140628,2.781252
359,2026-06-08,65c13713b82af291,d6ac72b98edd140f,-51.836,high,3.320315,3.140628,2.781252
360,2026-06-08,65c13713b82af291,d6ac72b98edd140f,-49.836,low,3.320315,3.140628,2.781252
361,2026-06-08,40322c89b4c6ee7a,f662a618df08a600,-53.836,high,5.320313,5.140626,4.78125
362,2026-06-08,40322c89b4c6ee7a,f662a618df08a600,-51.836,high,5.320313,5.140626,4.78125
363,2026-06-08,40322c89b4c6ee7a,f662a618df08a600,-49.836,low,6.320312,6.140624,5.78125
364,2026-06-08,2dd7f7feb88e8b82,292f945d4ae3bdfc,-47.537,high,17.320314,17.140627,16.781252
365,2026-06-08,2dd7f7feb88e8b82,292f945d4ae3bdfc,-45.537,high,8.32031,8.140622,7.781247
366,2026-06-08,cc98e5bf8295462c,7c6bc29e1a0022de,-48.178,high,16.320314,16.140627,15.781252
367,2026-06-08,89dcfde75ad005ae,5681a95718ae5ae6,-59.991,low,3.319266,3.138529,2.777056
368,2026-06-08,89dcfde75ad005ae,5681a95718ae5ae6,-55.991,high,5.319264,5.138528,4.777054
369,2026-06-08,41430a4facc8ad32,c3c2751951477c6a,-59.991,low,5.320313,5.140626,4.78125
370,2026-06-08,41430a4facc8ad32,938e98880bb15470,-53.991,high,-10.680737,-10.861473,-11.222946
371,2026-06-08,41430a4facc8ad32,938e98880bb15470,-51.991,high,-12.680737,-12.861474,-13.222947
372,2026-06-08,41430a4facc8ad32,938e98880bb15470,-49.991,high,-5.680734,-5.861471,-6.222944
373,2026-06-08,41430a4facc8ad32,938e98880bb15470,-47.991,high,-3.680737,-3.861474,-4.222946
374,2026-06-08,41430a4facc8ad32,938e98880bb15470,-45.991,low,-3.680737,-3.861474,-4.222946
375,2026-06-08,dadc25a783ac557e,5ba3947a25e95cb3,-59.364,low,-4.680736,-4.861472,-5.222946
376,2026-06-08,dadc25a783ac557e,5ba3947a25e95cb3,-57.364,high,-6.680737,-6.861474,-7.222947
377,2026-06-08,dadc25a783ac557e,5ba3947a25e95cb3,-55.364,high,-7.680736,-7.861472,-8.222946
378,2026-06-08,dadc25a783ac557e,5ba3947a25e95cb3,-53.364,high,-7.680736,-7.861472,-8.222946
379,2026-06-08,dadc25a783ac557e,5ba3947a25e95cb3,-51.364,high,-8.680735,-8.861471,-9.222944
380,2026-06-08,dadc25a783ac557e,5ba3947a25e95cb3,-49.364,high,-10.680737,-10.861473,-11.222946
381,2026-06-08,dadc25a783ac557e,5ba3947a25e95cb3,-47.364,high,-10.680737,-10.861473,-11.222946
382,2026-06-08,dadc25a783ac557e,5ba3947a25e95cb3,-45.364,low,-10.680737,-10.861473,-11.222946
383,2026-06-08,083493cd73b4f2b7,e66076c78c7d6f64,-59.823,high,2.319266,2.13853,1.777057
384,2026-06-08,083493cd73b4f2b7,e66076c78c7d6f64,-57.823,high,-4.680736,-4.861472,-5.222946
385,2026-06-08,083493cd73b4f2b7,e66076c78c7d6f64,-55.823,high,-6.680737,-6.861474,-7.222947
386,2026-06-08,083493cd73b4f2b7,e66076c78c7d6f64,-53.823,high,-6.680737,-6.861474,-7.222947
387,2026-06-08,083493cd73b4f2b7,e66076c78c7d6f64,-49.823,high,-6.680737,-6.861474,-7.222947
388,2026-06-08,a58869ac26be6b98,36fe6ccdfa96fb82,-56.959,low,-1.674673,-1.849343,-2.198684
389,2026-06-08,a58869ac26be6b98,36fe6ccdfa96fb82,-48.959,high,7.32676,7.15352,6.807041
390,2026-06-08,a58869ac26be6b98,36fe6ccdfa96fb82,-46.959,low,5.326761,5.153522,4.807043
391,2026-06-08,73aaccf21c68878f,ca7c9b2220e17dc4,-58.016,low,3.329794,3.159588,2.819176
392,2026-06-08,73aaccf21c68878f,ca7c9b2220e17dc4,-56.016,low,3.329794,3.159588,2.819176
393,2026-06-08,73aaccf21c68878f,ca7c9b2220e17dc4,-54.016,low,1.329792,1.159587,0.819175
394,2026-06-08,73aaccf21c68878f,ca7c9b2220e17dc4,-52.016,low,-0.296749,-0.593498,-1.186996
395,2026-06-08,73aaccf21c68878f,ca7c9b2220e17dc4,-50.016,low,2.703251,2.406502,1.813004
396,2026-06-08,4ca054dcebe78ccf,08c98f9ae4855914,-45.772,high,-10.679688,-10.859375,-11.21875
397,2026-06-08,15296bc792ff0574,08e0e866dbbec67e,-46.21,high,4.320314,4.140626,3.781252
398,2026-06-08,d9163716109d3869,28a0b7f94cb9925c,-52.96,high,3.316687,3.133378,2.76676
399,2026-06-08,d9163716109d3869,28a0b7f94cb9925c,-50.96,high,2.316688,2.133379,1.766762
400,2026-06-08,11b70f396f19b4b4,344046acf7fac6c2,-49.756,high,1.328252,1.156503,0.813005
401,2026-06-08,11b70f396f19b4b4,344046acf7fac6c2,-47.756,low,5.328252,5.156502,4.813004
402,2026-06-08,11b70f396f19b4b4,344046acf7fac6c2,-45.756,high,5.328252,5.156502,4.813004
403,2026-06-08,acc3cf953bece7db,be913751cdd7346d,-58.31,low,0.323962,0.147925,-0.204148
404,2026-06-08,acc3cf953bece7db,be913751cdd7346d,-56.31,high,-0.676037,-0.852074,-1.204147
405,2026-06-08,acc3cf953bece7db,be913751cdd7346d,-54.31,high,-0.676037,-0.852074,-1.204147
406,2026-06-08,acc3cf953bece7db,be913751cdd7346d,-52.31,high,-5.676038,-5.852075,-6.204149
407,2026-06-08,acc3cf953bece7db,be913751cdd7346d,-48.31,high,2.323964,2.147926,1.795853
408,2026-06-08,7c1e4f2000a2ff57,2ba8a24bded5b358,-46.34,high,-13.678554,-13.857104,-14.214207
409,2026-06-08,c89540cda75ad487,e8c3048143f0d05d,-59.933,low,0.321448,0.142897,-0.214204
410,2026-06-08,c89540cda75ad487,e8c3048143f0d05d,-57.933,high,2.321446,2.142896,1.785794
411,2026-06-08,c89540cda75ad487,e8c3048143f0d05d,-55.933,high,5.32145,5.142898,4.785797
412,2026-06-08,c89540cda75ad487,e8c3048143f0d05d,-53.933,high,8.321446,8.142896,7.785794
413,2026-06-08,c89540cda75ad487,e8c3048143f0d05d,-51.933,high,5.32145,5.142898,4.785797
414,2026-06-08,c89540cda75ad487,e8c3048143f0d05d,-49.933,high,0.321448,0.142897,-0.214204
415,2026-06-08,c89540cda75ad487,e8c3048143f0d05d,-47.933,low,1.321447,1.142896,0.785795
416,2026-06-08,c89540cda75ad487,e8c3048143f0d05d,-45.933,low,1.321447,1.142896,0.785795
417,2026-06-08,d4feec6e41c07c6c,0d3aee74e3ec6d32,-57.774,high,-2.67733,-2.854662,-3.209327
418,2026-06-08,d4feec6e41c07c6c,0d3aee74e3ec6d32,-55.774,high,-2.67733,-2.854662,-3.209327
419,2026-06-08,d4feec6e41c07c6c,0d3aee74e3ec6d32,-53.774,high,-9.677333,-9.854665,-10.20933
420,2026-06-08,d4feec6e41c07c6c,0d3aee74e3ec6d32,-51.774,high,-6.677332,-6.854665,-7.209329
421,2026-06-08,d4feec6e41c07c6c,0d3aee74e3ec6d32,-49.774,high,-8.67733,-8.854662,-9.209327
422,2026-06-08,d4feec6e41c07c6c,0d3aee74e3ec6d32,-47.774,high,-12.677333,-12.854665,-13.20933
423,2026-06-08,d4feec6e41c07c6c,0d3aee74e3ec6d32,-45.774,high,-12.677333,-12.854665,-13.20933
424,2026-06-08,7630aed17901cf26,746e07863b25d3e8,-56.017,high,-19.678555,-19.857105,-20.214207
425,2026-06-08,7630aed17901cf26,746e07863b25d3e8,-52.017,high,-24.678553,-24.857103,-25.214205
426,2026-06-08,cb150776a4a268eb,e589a0d1fd23b018,-58.152,low,0.321448,0.142897,-0.214204
427,2026-06-08,cb150776a4a268eb,e589a0d1fd23b018,-56.152,high,0.321448,0.142897,-0.214204
428,2026-06-08,cb150776a4a268eb,e589a0d1fd23b018,-54.152,high,0.321448,0.142897,-0.214204
429,2026-06-08,cb150776a4a268eb,e589a0d1fd23b018,-52.152,high,0.321448,0.142897,-0.214204
430,2026-06-08,cb150776a4a268eb,e589a0d1fd23b018,-50.152,high,1.321447,1.142896,0.785795
431,2026-06-08,cb150776a4a268eb,e589a0d1fd23b018,-48.152,high,1.321447,1.142896,0.785795
432,2026-06-08,cb150776a4a268eb,e589a0d1fd23b018,-46.152,high,5.32145,5.142898,4.785797
433,2026-06-08,18b5d1c737312bb0,b3bfc0c0729d4ca5,-47.548,low,10.319265,10.138529,9.777056
434,2026-06-08,37f9e8f4bbadc258,132785ddbe23df50,-57.46,high,-2.67733,-2.854662,-3.209327
435,2026-06-08,37f9e8f4bbadc258,132785ddbe23df50,-55.46,high,-8.67733,-8.854662,-9.209327
436,2026-06-08,37f9e8f4bbadc258,132785ddbe23df50,-51.46,high,-12.677333,-12.854665,-13.20933
437,2026-06-08,37f9e8f4bbadc258,132785ddbe23df50,-49.46,high,-14.677331,-14.854663,-15.209328
438,2026-06-08,37f9e8f4bbadc258,132785ddbe23df50,-45.46,high,-16.677332,-16.854664,-17.209328
439,2026-06-08,ab654efa983a58d7,53d1c6ac5d189166,-57.46,high,2.698963,2.397926,1.795852
440,2026-06-08,ab654efa983a58d7,53d1c6ac5d189166,-55.46,high,1.698964,1.397927,0.795854
441,2026-06-08,ab654efa983a58d7,53d1c6ac5d189166,-53.46,high,0.073962,-0.352075,-1.204148
442,2026-06-08,ab654efa983a58d7,53d1c6ac5d189166,-49.46,high,-5.29967,-5.59934,-6.198681
443,2026-06-08,ab654efa983a58d7,53d1c6ac5d189166,-47.46,high,-9.674671,-9.849342,-10.198683
444,2026-06-08,ab654efa983a58d7,53d1c6ac5d189166,-45.46,high,-8.674672,-8.849343,-9.198684
445,2026-06-08,176246ddb0de09af,771942762cd60265,-58.022,low,1.321447,1.142896,0.785795
446,2026-06-08,176246ddb0de09af,771942762cd60265,-56.022,low,1.321447,1.142896,0.785795
447,2026-06-08,176246ddb0de09af,771942762cd60265,-54.022,high,8.321446,8.142896,7.785794
448,2026-06-08,176246ddb0de09af,771942762cd60265,-52.022,high,10.321451,10.1429,9.785798
449,2026-06-08,176246ddb0de09af,771942762cd60265,-50.022,high,10.321451,10.1429,9.785798
450,2026-06-08,176246ddb0de09af,771942762cd60265,-48.022,high,8.321446,8.142896,7.785794
451,2026-06-08,176246ddb0de09af,771942762cd60265,-46.022,high,7.321448,7.142896,6.785795
452,2026-06-08,44d1685824520e2f,3a368520c20db075,-46.919,low,-2.67733,-2.854662,-3.209327
453,2026-06-08,44d1685824520e2f,954684005d9da05f,-54.919,high,12.318307,12.136614,11.773228
454,2026-06-08,44d1685824520e2f,954684005d9da05f,-52.919,high,12.318307,12.136614,11.773228
455,2026-06-08,44d1685824520e2f,954684005d9da05f,-50.919,low,12.318307,12.136614,11.773228
456,2026-06-08,99fd1358ce4034db,adb7f9ec4c33c39c,-58.277,low,0.071451,-0.3571,-1.214202
457,2026-06-08,99fd1358ce4034db,adb7f9ec4c33c39c,-48.277,low,1.322669,1.145337,0.790673
458,2026-06-08,99fd1358ce4034db,adb7f9ec4c33c39c,-46.277,low,1.322669,1.145337,0.790673
459,2026-06-08,956e56fb406cc650,a4a64d674bb9e179,-50.277,low,-0.678551,-0.857102,-1.214204
460,2026-06-08,956e56fb406cc650,a4a64d674bb9e179,-48.277,low,1.321447,1.142896,0.785795
461,2026-06-08,44003cb48c496232,9f703924b0249eb0,-58.229,high,4.320314,4.140626,3.781252
462,2026-06-08,848a1607da90806f,7e83073d3ce0fc9e,-59.656,low,1.321447,1.142896,0.785795
463,2026-06-08,848a1607da90806f,7e83073d3ce0fc9e,-57.656,low,0.321448,0.142897,-0.214204
464,2026-06-08,848a1607da90806f,7e83073d3ce0fc9e,-55.656,low,-0.678551,-0.857102,-1.214204
465,2026-06-08,848a1607da90806f,7e83073d3ce0fc9e,-53.656,high,2.321446,2.142896,1.785794
466,2026-06-08,e07128627ee58f85,7b0d03328bb3e1b1,-58.371,low,-4.679686,-4.859374,-5.218749
467,2026-06-08,35395dc8f21b15e4,eb9f036e18ae885c,-57.852,high,-1.178553,-1.357104,-1.714206
468,2026-06-08,35395dc8f21b15e4,eb9f036e18ae885c,-55.852,low,-0.678551,-0.857102,-1.214204
469,2026-06-08,35395dc8f21b15e4,eb9f036e18ae885c,-49.852,low,3.321445,3.142894,2.785792
470,2026-06-08,85ac98eb2c81770c,1592a9db08b3fa03,-57.483,high,0.320312,0.140624,-0.218751
471,2026-06-08,85ac98eb2c81770c,1592a9db08b3fa03,-55.483,high,0.320312,0.140624,-0.218751
472,2026-06-08,85ac98eb2c81770c,1592a9db08b3fa03,-53.483,high,0.320312,0.140624,-0.218751
473,2026-06-08,85ac98eb2c81770c,1592a9db08b3fa03,-51.483,high,-0.679688,-0.859375,-1.21875
474,2026-06-08,85ac98eb2c81770c,1592a9db08b3fa03,-49.483,high,-0.679688,-0.859375,-1.21875
475,2026-06-08,85ac98eb2c81770c,1592a9db08b3fa03,-47.483,high,-0.679688,-0.859375,-1.21875
476,2026-06-08,7b06c11dc46b5adc,4ce3cabdb926bd5d,-57.483,high,0.320312,0.140624,-0.218751
477,2026-06-08,7b06c11dc46b5adc,4ce3cabdb926bd5d,-55.483,high,1.320311,1.140623,0.781248
478,2026-06-08,7b06c11dc46b5adc,4ce3cabdb926bd5d,-53.483,high,-3.679688,-3.859375,-4.21875
479,2026-06-08,7b06c11dc46b5adc,4ce3cabdb926bd5d,-49.483,high,-7.679687,-7.859374,-8.21875
480,2026-06-08,7b06c11dc46b5adc,4ce3cabdb926bd5d,-47.483,high,-6.679688,-6.859376,-7.21875
481,2026-06-08,90fa12ec6fd20ab4,977a109aded948f7,-57.483,high,-0.678551,-0.857102,-1.214204
482,2026-06-08,90fa12ec6fd20ab4,977a109aded948f7,-55.483,high,-0.678551,-0.857102,-1.214204
483,2026-06-08,90fa12ec6fd20ab4,977a109aded948f7,-53.483,high,1.321447,1.142896,0.785795
484,2026-06-08,90fa12ec6fd20ab4,977a109aded948f7,-51.483,high,4.32145,4.1429,3.785798
485,2026-06-08,e1f2607f945ca0fa,27b80a67af205da8,-58.373,high,4.32145,4.1429,3.785798
486,2026-06-08,e1f2607f945ca0fa,27b80a67af205da8,-52.373,high,6.321449,6.142898,5.785796
487,2026-06-08,433b5164ba5b75c8,9b4c17572fd8d40b,-48.775,high,-0.677332,-0.854664,-1.209328
488,2026-06-08,8afcef8b87197ee1,cfd14500765c3b48,-48.847,high,1.319261,1.138525,0.777052
489,2026-06-08,f00f9db28b90e289,ac6c8514540d49d2,-58.385,high,0.320312,0.140624,-0.218751
490,2026-06-08,f00f9db28b90e289,ac6c8514540d49d2,-50.385,high,5.320313,5.140626,4.78125
491,2026-06-08,f00f9db28b90e289,ac6c8514540d49d2,-48.385,high,5.320313,5.140626,4.78125
492,2026-06-08,f00f9db28b90e289,ac6c8514540d49d2,-46.385,high,5.320313,5.140626,4.78125
493,2026-06-08,90c58c344b5564f1,3d98da62eebf25bf,-51.285,high,-2.679689,-2.859376,-3.218751
494,2026-06-08,90c58c344b5564f1,3d98da62eebf25bf,-49.285,high,-2.679689,-2.859376,-3.218751
495,2026-06-08,e17b381951b742a1,896947eb1990dae0,-56.909,low,-1.676036,-1.852073,-2.204146
496,2026-06-08,e17b381951b742a1,896947eb1990dae0,-52.909,low,-1.676036,-1.852073,-2.204146
497,2026-06-08,e17b381951b742a1,896947eb1990dae0,-50.909,low,-1.676036,-1.852073,-2.204146
498,2026-06-08,e17b381951b742a1,896947eb1990dae0,-48.909,low,-1.676036,-1.852073,-2.204146
499,2026-06-08,cae09735f4499839,0f848559dc794937,-54.909,low,0.321448,0.142897,-0.214204
500,2026-06-08,cae09735f4499839,f386833b34965ee4,-58.909,high,0.319262,0.138526,-0.222947
501,2026-06-08,6f2ce465a634f04a,6d15dee5f4a66e01,-59.09,low,2.32031,2.140622,1.781247
502,2026-06-08,6f2ce465a634f04a,6d15dee5f4a66e01,-51.09,high,-3.679688,-3.859375,-4.21875
503,2026-06-08,8f1da63e13c27a2c,8cdd2acd5c3d67e9,-59.372,low,-0.676037,-0.852074,-1.204147
504,2026-06-08,8f1da63e13c27a2c,8cdd2acd5c3d67e9,-57.372,low,0.323962,0.147925,-0.204148
505,2026-06-08,8f1da63e13c27a2c,8cdd2acd5c3d67e9,-55.372,low,0.323962,0.147925,-0.204148
506,2026-06-08,8f1da63e13c27a2c,8cdd2acd5c3d67e9,-53.372,low,1.323964,1.147928,0.795854
507,2026-06-08,8f1da63e13c27a2c,8cdd2acd5c3d67e9,-51.372,low,2.323964,2.147926,1.795853
508,2026-06-08,8f1da63e13c27a2c,8cdd2acd5c3d67e9,-49.372,low,2.323964,2.147926,1.795853
509,2026-06-08,8f1da63e13c27a2c,8cdd2acd5c3d67e9,-47.372,low,2.323964,2.147926,1.795853
510,2026-06-08,8f1da63e13c27a2c,8cdd2acd5c3d67e9,-45.372,low,2.323964,2.147926,1.795853
511,2026-06-08,2d7bfb9ff85c6c01,bfa802ef659feba4,-49.359,high,-0.678551,-0.857102,-1.214204
512,2026-06-08,2d7bfb9ff85c6c01,bfa802ef659feba4,-47.359,low,-0.678551,-0.857102,-1.214204
513,2026-06-08,2d7bfb9ff85c6c01,bfa802ef659feba4,-45.359,low,-8.678553,-8.857103,-9.214206
514,2026-06-08,0b82aac5280fa2fc,a3acb76358590cd9,-58.642,low,17.320314,17.140627,16.781252
515,2026-06-08,cc9e50b46b2732e5,36306facba94db01,-51.706,high,1.319261,1.138525,0.777052
516,2026-06-08,cc9e50b46b2732e5,36306facba94db01,-49.706,low,3.319266,3.138529,2.777056
517,2026-06-08,cc9e50b46b2732e5,36306facba94db01,-47.706,low,3.319266,3.138529,2.777056
518,2026-06-08,cc9e50b46b2732e5,36306facba94db01,-45.706,high,4.319265,4.138528,3.777055
519,2026-06-08,15a3847569f6953c,bf6152a52f919ab9,-58.708,low,0.319262,0.138526,-0.222947
520,2026-06-08,15a3847569f6953c,bf6152a52f919ab9,-56.708,low,5.318308,5.136614,4.773228
521,2026-06-08,58b2c931ce716562,cc1f9520d15e5f03,-50.774,high,3.318309,3.136616,2.77323
522,2026-06-08,58b2c931ce716562,cc1f9520d15e5f03,-48.774,high,1.318311,1.136618,0.773231
523,2026-06-08,58b2c931ce716562,cc1f9520d15e5f03,-46.774,high,2.31831,2.136617,1.77323
524,2026-06-08,e7d08abc9ffe47b6,986cfbea7aa86b7e,-45.002,high,-1.683314,-1.866623,-2.23324
525,2026-06-08,7d0f260f5ebea145,b2c61d937dc265c6,-59.002,low,-0.680737,-0.861473,-1.222946
526,2026-06-08,7d0f260f5ebea145,b2c61d937dc265c6,-57.002,high,5.319264,5.138528,4.777054
527,2026-06-08,7d0f260f5ebea145,b2c61d937dc265c6,-55.002,high,4.319265,4.138528,3.777055
528,2026-06-08,7d0f260f5ebea145,b2c61d937dc265c6,-53.002,high,4.319265,4.138528,3.777055
529,2026-06-08,7d0f260f5ebea145,b2c61d937dc265c6,-51.002,high,4.319265,4.138528,3.777055
530,2026-06-08,7d0f260f5ebea145,b2c61d937dc265c6,-49.002,high,4.319265,4.138528,3.777055
531,2026-06-08,7d0f260f5ebea145,b2c61d937dc265c6,-47.002,high,8.319268,8.13853,7.777057
532,2026-06-08,7d0f260f5ebea145,b2c61d937dc265c6,-45.002,high,2.319266,2.13853,1.777057
533,2026-06-08,63704a03d1f58dde,4c19b5ea70065fd9,-56.136,low,4.326762,4.153523,3.807044
534,2026-06-08,63704a03d1f58dde,4c19b5ea70065fd9,-54.136,high,4.326762,4.153523,3.807044
535,2026-06-08,63704a03d1f58dde,4c19b5ea70065fd9,-52.136,high,4.326762,4.153523,3.807044
536,2026-06-08,63704a03d1f58dde,4c19b5ea70065fd9,-50.136,high,4.326762,4.153523,3.807044
537,2026-06-08,63704a03d1f58dde,4c19b5ea70065fd9,-48.136,low,4.326762,4.153523,3.807044
538,2026-06-08,63704a03d1f58dde,4c19b5ea70065fd9,-46.136,low,4.326762,4.153523,3.807044
539,2026-06-08,6168f5604e3bad78,e993a45bc85a8415,-57.815,low,2.319266,2.13853,1.777057
540,2026-06-08,6d2036100426d2c3,c9748b0f31805729,-58.119,high,8.32031,8.140622,7.781247
541,2026-06-08,6d2036100426d2c3,c9748b0f31805729,-56.119,high,10.320314,10.140627,9.781252
542,2026-06-08,6d2036100426d2c3,c9748b0f31805729,-54.119,high,17.320314,17.140627,16.781252
543,2026-06-08,6d2036100426d2c3,c9748b0f31805729,-52.119,high,18.320312,18.140623,17.78125
544,2026-06-08,6d2036100426d2c3,c9748b0f31805729,-48.119,low,24.320312,24.140623,23.78125
545,2026-06-08,6d2036100426d2c3,c9748b0f31805729,-46.119,high,19.320312,19.140623,18.78125
546,2026-06-08,8f1d00112d3aeda2,8540308ba9ceed75,-51.957,high,-3.679688,-3.859375,-4.21875
547,2026-06-08,8f1d00112d3aeda2,8540308ba9ceed75,-49.957,high,-3.679688,-3.859375,-4.21875
548,2026-06-08,8f1d00112d3aeda2,8540308ba9ceed75,-47.957,high,1.320311,1.140623,0.781248
549,2026-06-08,8f1d00112d3aeda2,8540308ba9ceed75,-45.957,low,1.320311,1.140623,0.781248
550,2026-06-08,aa1bc1b048f1b1a8,1c7f5053b4e05700,-45.957,low,1.318311,1.136618,0.773231
551,2026-06-08,aa1bc1b048f1b1a8,2419adf0ba9845f4,-59.957,low,-1.678553,-1.857104,-2.214206
552,2026-06-08,aa1bc1b048f1b1a8,2419adf0ba9845f4,-57.957,low,-1.678553,-1.857104,-2.214206
553,2026-06-08,aa1bc1b048f1b1a8,2419adf0ba9845f4,-55.957,low,-0.678551,-0.857102,-1.214204
554,2026-06-08,ae14712775d8834c,06f8e0100e75d7bc,-48.296,low,3.319266,3.138529,2.777056
555,2026-06-08,ae14712775d8834c,06f8e0100e75d7bc,-46.296,low,3.319266,3.138529,2.777056
556,2026-06-08,6987b9c06d5eb86e,8548ce4ccbb13462,-45.143,high,-11.676039,-11.852076,-12.204149
557,2026-06-08,addd8fb101925d98,91665cd6d6eb1940,-48.614,high,6.319263,6.138526,5.777053
558,2026-06-08,addd8fb101925d98,6cac6407deb03d4e,-58.614,low,5.32145,5.142898,4.785797
559,2026-06-09,272b5a2cf0511d1c,7e8871671a635cfb,-58.021,high,-1.301036,-1.602073,-2.204147
560,2026-06-09,272b5a2cf0511d1c,7e8871671a635cfb,-56.021,high,-1.301036,-1.602073,-2.204147
561,2026-06-09,272b5a2cf0511d1c,7e8871671a635cfb,-54.021,high,-1.301036,-1.602073,-2.204147
562,2026-06-09,272b5a2cf0511d1c,7e8871671a635cfb,-50.021,low,-1.301036,-1.602073,-2.204147
563,2026-06-09,50d9d6cbe3a9cb0e,7c71d00661bc3bd4,-58.021,high,4.320314,4.140626,3.781252
564,2026-06-09,50d9d6cbe3a9cb0e,7c71d00661bc3bd4,-56.021,high,5.320313,5.140626,4.78125
565,2026-06-09,905676af5cf853f3,9ef13d683b8d4e10,-59.587,low,-2.674672,-2.849342,-3.198684
566,2026-06-09,199f30e56309720c,656f3926fa7b22be,-55.08,low,-1.679686,-1.859374,-2.218749
567,2026-06-09,199f30e56309720c,656f3926fa7b22be,-53.08,low,-2.679689,-2.859376,-3.218751
568,2026-06-09,199f30e56309720c,656f3926fa7b22be,-51.08,low,-0.679688,-0.859375,-1.21875
569,2026-06-09,199f30e56309720c,656f3926fa7b22be,-47.08,low,-1.679686,-1.859374,-2.218749
570,2026-06-09,199f30e56309720c,656f3926fa7b22be,-45.08,low,-1.679686,-1.859374,-2.218749
571,2026-06-09,b78f1afe8e7e1170,03965db0a4106b7d,-56.784,high,-9.676038,-9.852075,-10.204148
572,2026-06-09,b78f1afe8e7e1170,03965db0a4106b7d,-48.784,low,-13.676037,-13.852074,-14.204147
573,2026-06-09,1c5146252d763fc7,f3d0357832a20814,-54.839,low,-0.680737,-0.861473,-1.222946
574,2026-06-09,debd90c93b917923,f763f474a810d54d,-55.424,high,3.696448,3.392897,2.785795
575,2026-06-09,debd90c93b917923,f763f474a810d54d,-53.424,high,3.696448,3.392897,2.785795
576,2026-06-09,debd90c93b917923,f763f474a810d54d,-51.424,low,7.321448,7.142896,6.785795
577,2026-06-09,30f324ea745eb43a,8ef99186fa622853,-56.671,low,1.319261,1.138525,0.777052
578,2026-06-09,30f324ea745eb43a,8ef99186fa622853,-52.671,low,-0.680737,-0.861473,-1.222946
579,2026-06-09,ae44afccb8c82843,1dafbdd4086b579e,-59.49,low,1.325328,1.150657,0.801316
580,2026-06-09,4fd9128e1a248065,28816b54e903af53,-59.412,low,-2.676038,-2.852075,-3.204148
581,2026-06-09,4fd9128e1a248065,28816b54e903af53,-57.412,high,-3.676037,-3.852074,-4.204148
582,2026-06-09,4fd9128e1a248065,28816b54e903af53,-55.412,high,-9.676038,-9.852075,-10.204148
583,2026-06-09,4fd9128e1a248065,28816b54e903af53,-53.412,high,-9.676038,-9.852075,-10.204148
584,2026-06-09,5e9c5ee79675557f,1071c5f9c9473e4f,-55.406,low,6.321449,6.142898,5.785796
585,2026-06-09,5e9c5ee79675557f,1071c5f9c9473e4f,-45.406,high,-0.678551,-0.857102,-1.214204
586,2026-06-09,c19608fdf35c906f,8283e07fd5dd7200,-48.191,low,-4.680736,-4.861472,-5.222946
587,2026-06-09,598a4226f1929a12,935d36b7d6735fc2,-55.775,high,3.320315,3.140628,2.781252
588,2026-06-09,598a4226f1929a12,935d36b7d6735fc2,-53.775,high,5.320313,5.140626,4.78125
589,2026-06-09,598a4226f1929a12,935d36b7d6735fc2,-51.775,high,5.320313,5.140626,4.78125
590,2026-06-09,598a4226f1929a12,935d36b7d6735fc2,-49.775,low,6.820312,6.640624,6.281249
591,2026-06-09,93d386f677f8f721,d76ca1410e4a4072,-55.775,high,-0.679688,-0.859375,-1.21875
592,2026-06-09,93d386f677f8f721,d76ca1410e4a4072,-53.775,high,-0.679688,-0.859375,-1.21875
593,2026-06-09,93d386f677f8f721,d76ca1410e4a4072,-51.775,high,-0.679688,-0.859375,-1.21875
594,2026-06-09,93d386f677f8f721,d76ca1410e4a4072,-49.775,low,-0.679688,-0.859375,-1.21875
595,2026-06-09,93d386f677f8f721,d76ca1410e4a4072,-45.775,low,-0.679688,-0.859375,-1.21875
596,2026-06-09,51dad23845b3c836,5386bc2cef667364,-53.775,high,0.692452,0.3849,-0.230204
597,2026-06-09,51dad23845b3c836,765e7a4644890e8b,-59.775,low,-3.679688,-3.859375,-4.21875
598,2026-06-09,51dad23845b3c836,765e7a4644890e8b,-57.775,low,-3.678551,-3.857102,-4.214204
599,2026-06-09,e2bff963cfdfb41b,d1b1bb24d5ff2e71,-58.068,low,2.326761,2.153522,1.807043
600,2026-06-09,e2bff963cfdfb41b,d1b1bb24d5ff2e71,-56.068,low,2.326761,2.153522,1.807043
601,2026-06-09,e2bff963cfdfb41b,d1b1bb24d5ff2e71,-54.068,low,0.326763,0.153523,-0.192955
602,2026-06-09,e2bff963cfdfb41b,d1b1bb24d5ff2e71,-52.068,high,-0.673239,-0.846479,-1.192957
603,2026-06-09,e2bff963cfdfb41b,d1b1bb24d5ff2e71,-48.068,high,-4.673238,-4.846478,-5.192956
604,2026-06-09,e2bff963cfdfb41b,d1b1bb24d5ff2e71,-46.068,high,-4.673238,-4.846478,-5.192956
605,2026-06-09,3da85b6d93b323b3,744087c39d94bb3d,-58.862,low,4.32145,4.1429,3.785798
606,2026-06-09,3da85b6d93b323b3,744087c39d94bb3d,-56.862,low,9.321445,9.142895,8.785792
607,2026-06-09,3da85b6d93b323b3,744087c39d94bb3d,-50.862,low,14.321447,14.142897,13.785794
608,2026-06-09,3da85b6d93b323b3,744087c39d94bb3d,-48.862,low,14.321447,14.142897,13.785794
609,2026-06-09,3da85b6d93b323b3,744087c39d94bb3d,-46.862,low,15.322668,15.145336,14.790671
610,2026-06-09,7648d460c04ce87c,dce9f8793e004164,-54.099,missing,3.326763,3.153524,2.807045
611,2026-06-09,7648d460c04ce87c,dce9f8793e004164,-52.099,low,3.326763,3.153524,2.807045
612,2026-06-09,7648d460c04ce87c,dce9f8793e004164,-46.099,low,3.326763,3.153524,2.807045
613,2026-06-09,45d5841a19d1dc79,edc58a35dd2be953,-54.895,high,-3.678551,-3.857102,-4.214204
614,2026-06-09,45d5841a19d1dc79,edc58a35dd2be953,-52.895,high,-4.678553,-4.857104,-5.214206
615,2026-06-09,45d5841a19d1dc79,edc58a35dd2be953,-48.895,high,-3.678551,-3.857102,-4.214204
616,2026-06-09,f27ecd84ee86d43f,859d720bd0098899,-49.588,low,3.700332,3.400661,2.80132
617,2026-06-09,18eb3a56e9eb2133,d673bc2942eff579,-59.482,low,-0.679688,-0.859375,-1.21875
618,2026-06-09,18eb3a56e9eb2133,d673bc2942eff579,-57.482,high,4.320314,4.140626,3.781252
619,2026-06-09,18eb3a56e9eb2133,d673bc2942eff579,-55.482,high,9.320315,9.140628,8.781253
620,2026-06-09,18eb3a56e9eb2133,d673bc2942eff579,-53.482,high,7.320311,7.140624,6.781248
621,2026-06-09,18eb3a56e9eb2133,d673bc2942eff579,-51.482,low,8.32031,8.140622,7.781247
622,2026-06-09,18eb3a56e9eb2133,d673bc2942eff579,-49.482,low,7.320311,7.140624,6.781248
623,2026-06-09,18eb3a56e9eb2133,d673bc2942eff579,-47.482,low,7.320311,7.140624,6.781248
624,2026-06-09,18eb3a56e9eb2133,d673bc2942eff579,-45.482,high,7.320311,7.140624,6.781248
625,2026-06-09,c734820b31aafdb5,6f99bf172f1a0897,-55.482,high,18.319263,18.138527,17.777054
626,2026-06-09,c734820b31aafdb5,6f99bf172f1a0897,-51.482,low,12.319263,12.138527,11.777054
627,2026-06-09,9d7df3e297011fe3,f898ea05cad7e7ed,-54.805,high,-6.680737,-6.861474,-7.222947
628,2026-06-09,9d7df3e297011fe3,f898ea05cad7e7ed,-52.805,high,-6.680737,-6.861474,-7.222947
629,2026-06-09,0b6b42f1fe98b839,be25bed35235fd61,-58.727,high,-0.679688,-0.859375,-1.21875
630,2026-06-09,0b6b42f1fe98b839,be25bed35235fd61,-54.727,high,-0.679688,-0.859375,-1.21875
631,2026-06-09,0b6b42f1fe98b839,be25bed35235fd61,-52.727,low,-0.679688,-0.859375,-1.21875
632,2026-06-09,0b6b42f1fe98b839,be25bed35235fd61,-50.727,high,-0.679688,-0.859375,-1.21875
633,2026-06-09,399c5b96ab3a7c72,c36e15772fd3cef0,-48.687,low,0.320312,0.140624,-0.218751
634,2026-06-09,b5e4d937e8b3f97d,6367b89421f8fee2,-55.424,high,-27.67969,-27.859377,-28.218752
635,2026-06-09,b5e4d937e8b3f97d,6367b89421f8fee2,-53.424,high,-28.679688,-28.859377,-29.21875
636,2026-06-09,b5e4d937e8b3f97d,6367b89421f8fee2,-51.424,high,-35.67969,-35.85938,-36.218754
637,2026-06-09,b5e4d937e8b3f97d,6367b89421f8fee2,-49.424,high,-38.679688,-38.859375,-39.218754
638,2026-06-09,b5e4d937e8b3f97d,6367b89421f8fee2,-47.424,high,-38.679688,-38.859375,-39.218754
639,2026-06-09,5e7cbf643c2c041a,0ed7584037f3df92,-51.766,high,3.320315,3.140628,2.781252
640,2026-06-09,5e7cbf643c2c041a,0ed7584037f3df92,-47.766,low,-0.179688,-0.359375,-0.71875
641,2026-06-09,cbaaeced47a5921e,8ffc09b578d6f372,-58.274,low,-1.678553,-1.857104,-2.214206
642,2026-06-09,cbaaeced47a5921e,8ffc09b578d6f372,-56.274,low,0.321448,0.142897,-0.214204
643,2026-06-09,cbaaeced47a5921e,8ffc09b578d6f372,-54.274,low,-4.678553,-4.857104,-5.214206
644,2026-06-09,cbaaeced47a5921e,8ffc09b578d6f372,-52.274,low,-4.678553,-4.857104,-5.214206
645,2026-06-09,cbaaeced47a5921e,8ffc09b578d6f372,-48.274,high,-10.678554,-10.857104,-11.214207
646,2026-06-09,1a809d9a5387cfe7,8b3f9a7db17361be,-51.095,low,1.44645,0.892899,-0.214203
647,2026-06-09,b40988acdf541e9c,1851e9a6f92277a5,-45.957,low,15.32533,15.150659,14.801318
648,2026-06-09,022b7aa9635af411,0b6f447fceb8998d,-55.957,high,-1.679686,-1.859374,-2.218749
649,2026-06-09,022b7aa9635af411,0b6f447fceb8998d,-53.957,high,-2.679689,-2.859376,-3.218751
650,2026-06-09,022b7aa9635af411,0b6f447fceb8998d,-51.957,low,-4.679686,-4.859374,-5.218749
651,2026-06-09,bc556bdea86f8493,80cf0a952e4c0c1c,-52.214,low,2.328251,2.156502,1.813004
652,2026-06-09,bc556bdea86f8493,80cf0a952e4c0c1c,-50.214,low,-3.671749,-3.843498,-4.186996
653,2026-06-09,bc556bdea86f8493,80cf0a952e4c0c1c,-46.214,low,-5.67175,-5.843499,-6.186998
654,2026-06-09,f6d9276ad68fb90a,dcf4a88336ae3076,-52.214,low,0.323962,0.147925,-0.204148
655,2026-06-09,f6d9276ad68fb90a,dcf4a88336ae3076,-50.214,low,-10.176037,-10.352074,-10.704147
656,2026-06-09,f6d9276ad68fb90a,dcf4a88336ae3076,-46.214,low,-12.676038,-12.852075,-13.204148
657,2026-06-09,1a5de6fab93b1bc6,b3cb26fae7583886,-59.082,low,1.325328,1.150657,0.801316
658,2026-06-09,cf91e2fc65873f2a,399786f988ad5802,-58.634,low,6.321449,6.142898,5.785796
659,2026-06-09,cf91e2fc65873f2a,399786f988ad5802,-56.634,low,4.320314,4.140626,3.781252
660,2026-06-09,cf91e2fc65873f2a,399786f988ad5802,-46.634,low,5.320313,5.140626,4.78125
661,2026-06-09,046def1d3536e0e9,7f43aa7e0b0afaa5,-59.413,low,-5.30469,-5.609377,-6.218752
662,2026-06-09,046def1d3536e0e9,7f43aa7e0b0afaa5,-57.413,high,-2.304689,-2.609376,-3.218752
663,2026-06-09,046def1d3536e0e9,7f43aa7e0b0afaa5,-47.413,high,1.69531,1.390623,0.781248
664,2026-06-09,93582daf8b2073cc,f6d450c8233e06e5,-58.754,low,5.695312,5.390625,4.78125
665,2026-06-09,93582daf8b2073cc,f6d450c8233e06e5,-56.754,high,0.695311,0.390624,-0.218751
666,2026-06-09,be1631a866d0c43b,c85e5137149f6e8a,-59.843,low,1.319261,1.138525,0.777052
667,2026-06-09,be1631a866d0c43b,c85e5137149f6e8a,-57.843,low,1.319261,1.138525,0.777052
668,2026-06-09,be1631a866d0c43b,c85e5137149f6e8a,-51.843,low,-8.680735,-8.861471,-9.222944
669,2026-06-09,be1631a866d0c43b,c85e5137149f6e8a,-49.843,low,-6.680737,-6.861474,-7.222947
670,2026-06-09,be1631a866d0c43b,c85e5137149f6e8a,-45.843,low,-6.680737,-6.861474,-7.222947
671,2026-06-09,f23840d8043f801c,cfbae71a296bce4c,-58.369,low,2.69331,2.386616,1.77323
672,2026-06-09,f23840d8043f801c,cfbae71a296bce4c,-52.369,low,5.693307,5.386614,4.773228
673,2026-06-09,f23840d8043f801c,cfbae71a296bce4c,-50.369,low,5.693307,5.386614,4.773228
674,2026-06-09,f23840d8043f801c,cfbae71a296bce4c,-48.369,low,8.69331,8.386616,7.77323
675,2026-06-09,0d004fc3bf071f37,81c85c9c6f208761,-50.369,low,-8.673238,-8.846477,-9.192955
676,2026-06-09,d73dd1e75ca36d36,375fc1011604d6ac,-47.34,high,-1.676036,-1.852073,-2.204146
677,2026-06-09,d73dd1e75ca36d36,375fc1011604d6ac,-45.34,high,-1.676036,-1.852073,-2.204146
678,2026-06-09,821b4e2ec6d1aa22,76315f3a64590fdf,-58.949,high,1.334678,1.169358,0.838718
679,2026-06-09,821b4e2ec6d1aa22,76315f3a64590fdf,-56.949,high,2.33468,2.16936,1.83872
680,2026-06-09,deec30c9c6848e07,ac458c7b6c7ccbea,-53.126,high,13.320312,13.140624,12.781249
681,2026-06-09,deec30c9c6848e07,ac458c7b6c7ccbea,-49.126,low,13.320312,13.140624,12.781249
682,2026-06-09,ce11e75882f11b39,6d46311bee760980,-57.795,low,-1.678553,-1.857104,-2.214206
683,2026-06-09,ce11e75882f11b39,6d46311bee760980,-53.795,low,-10.678554,-10.857104,-11.214207
684,2026-06-09,ce11e75882f11b39,6d46311bee760980,-51.795,low,-13.678554,-13.857104,-14.214207
685,2026-06-09,ce11e75882f11b39,6d46311bee760980,-49.795,low,-13.678554,-13.857104,-14.214207
686,2026-06-09,ce11e75882f11b39,6d46311bee760980,-47.795,low,-12.678552,-12.857102,-13.214205
687,2026-06-09,ce11e75882f11b39,6d46311bee760980,-45.795,low,-12.678552,-12.857102,-13.214205
688,2026-06-09,59c28aaf64c83387,20b1786ae6da4fd2,-59.386,low,12.833014,12.166029,10.832059
689,2026-06-09,59c28aaf64c83387,20b1786ae6da4fd2,-55.386,high,21.213085,20.926174,20.352348
690,2026-06-09,59c28aaf64c83387,20b1786ae6da4fd2,-53.386,high,7.704796,7.40959,6.819178
691,2026-06-09,1a961011c6c03704,ab4e6b760ad4d8fd,-52.898,low,-6.674671,-6.849342,-7.198683
692,2026-06-09,1a961011c6c03704,ab4e6b760ad4d8fd,-50.898,low,-6.674671,-6.849342,-7.198683
693,2026-06-09,1a961011c6c03704,ab4e6b760ad4d8fd,-46.898,low,-6.674671,-6.849342,-7.198683
694,2026-06-09,1f272a3a2091cb40,345b536f7597ce61,-49.127,high,12.319263,12.138527,11.777054
695,2026-06-09,1f272a3a2091cb40,345b536f7597ce61,-47.127,high,14.319262,14.138525,13.777052
696,2026-06-09,1f272a3a2091cb40,345b536f7597ce61,-45.127,high,15.319267,15.138531,14.777058
697,2026-06-09,8afba73ba865879b,cda7493563a08611,-49.127,high,4.692448,4.384897,3.769792
698,2026-06-09,8afba73ba865879b,cda7493563a08611,-47.127,high,4.692448,4.384897,3.769792
699,2026-06-09,8afba73ba865879b,cda7493563a08611,-45.127,high,5.318308,5.136614,4.773228
700,2026-06-09,51149bf687370974,5f256de068dbbf4c,-54.585,high,4.825328,4.650657,4.301316
701,2026-06-09,51149bf687370974,5f256de068dbbf4c,-52.585,low,2.32533,2.150659,1.801318
702,2026-06-09,b9044ac744826f26,d458c3f9827f6fe5,-54.652,high,-0.677332,-0.854664,-1.209328
703,2026-06-09,8705b2fbb3d6fc82,ac6ba306a399914f,-48.995,low,4.320314,4.140626,3.781252
704,2026-06-09,8705b2fbb3d6fc82,ac6ba306a399914f,-46.995,high,1.320311,1.140623,0.781248
705,2026-06-10,c71062a4e78b98ea,01b73221c2350629,-55.181,high,-2.67733,-2.854662,-3.209327
706,2026-06-10,c71062a4e78b98ea,01b73221c2350629,-53.181,high,-1.677331,-1.854663,-2.209328
707,2026-06-10,c71062a4e78b98ea,01b73221c2350629,-49.181,high,-1.677331,-1.854663,-2.209328
708,2026-06-10,c71062a4e78b98ea,01b73221c2350629,-47.181,high,-0.677332,-0.854664,-1.209328
709,2026-06-10,161cf9a8302254ba,b2ab3d77febd51e6,-59.181,low,0.320312,0.140624,-0.218751
710,2026-06-10,1c9c4188a0343468,e61947b12f967657,-58.841,low,1.320311,1.140623,0.781248
711,2026-06-10,1c9c4188a0343468,e61947b12f967657,-56.841,high,-0.679688,-0.859375,-1.21875
712,2026-06-10,1c9c4188a0343468,e61947b12f967657,-54.841,high,-2.679689,-2.859376,-3.218751
713,2026-06-10,1c9c4188a0343468,e61947b12f967657,-52.841,high,-3.679688,-3.859375,-4.21875
714,2026-06-10,1c9c4188a0343468,e61947b12f967657,-50.841,low,-3.679688,-3.859375,-4.21875
715,2026-06-10,1c9c4188a0343468,e61947b12f967657,-46.841,high,4.320314,4.140626,3.781252
716,2026-06-10,f8f0e5fabae99420,f7075f12a5f70441,-53.27,low,11.320313,11.140626,10.781251
717,2026-06-10,6c90cdf36a7527bb,2cf47f016bfef251,-58.457,high,0.319262,0.138526,-0.222947
718,2026-06-10,6c90cdf36a7527bb,2cf47f016bfef251,-56.457,high,2.319266,2.13853,1.777057
719,2026-06-10,6c90cdf36a7527bb,2cf47f016bfef251,-54.457,low,1.319261,1.138525,0.777052
720,2026-06-10,6c90cdf36a7527bb,2cf47f016bfef251,-52.457,high,1.319261,1.138525,0.777052
721,2026-06-10,6c90cdf36a7527bb,2cf47f016bfef251,-50.457,high,0.319262,0.138526,-0.222947
722,2026-06-10,6c90cdf36a7527bb,2cf47f016bfef251,-48.457,high,-1.680736,-1.861472,-2.222946
723,2026-06-10,6c90cdf36a7527bb,2cf47f016bfef251,-46.457,high,-1.680736,-1.861472,-2.222946
724,2026-06-10,563a353b9c6ed2f5,0abec61d76501e26,-58.457,high,1.319261,1.138525,0.777052
725,2026-06-10,563a353b9c6ed2f5,0abec61d76501e26,-56.457,high,7.319262,7.138526,6.777052
726,2026-06-10,563a353b9c6ed2f5,0abec61d76501e26,-54.457,low,1.319261,1.138525,0.777052
727,2026-06-10,563a353b9c6ed2f5,0abec61d76501e26,-52.457,high,0.319262,0.138526,-0.222947
728,2026-06-10,563a353b9c6ed2f5,0abec61d76501e26,-50.457,high,-2.180735,-2.361472,-2.722945
729,2026-06-10,563a353b9c6ed2f5,0abec61d76501e26,-48.457,high,-7.680736,-7.861472,-8.222946
730,2026-06-10,563a353b9c6ed2f5,0abec61d76501e26,-46.457,high,-8.680735,-8.861471,-9.222944
731,2026-06-10,f925f767a4fd1a43,af4807e6640ae226,-59.936,low,1.692452,1.384899,0.769795
732,2026-06-10,f925f767a4fd1a43,af4807e6640ae226,-55.936,high,-0.682552,-0.865104,-1.230208
733,2026-06-10,f925f767a4fd1a43,af4807e6640ae226,-53.936,high,5.317448,5.134896,4.769792
734,2026-06-10,f925f767a4fd1a43,af4807e6640ae226,-51.936,high,0.317453,0.134901,-0.230204
735,2026-06-10,f925f767a4fd1a43,af4807e6640ae226,-49.936,high,1.317452,1.1349,0.769796
736,2026-06-10,f925f767a4fd1a43,af4807e6640ae226,-47.936,high,0.317453,0.134901,-0.230204
737,2026-06-10,db07680e9ee0e75a,5fa83d4c5f2e6870,-59.936,low,4.319265,4.138528,3.777055
738,2026-06-10,db07680e9ee0e75a,5fa83d4c5f2e6870,-55.936,high,-3.68169,-3.863384,-4.22677
739,2026-06-10,db07680e9ee0e75a,5fa83d4c5f2e6870,-51.936,high,-3.684502,-3.869,-4.237998
740,2026-06-10,1d250223c3e1b5a5,ff2f3e3931541c05,-49.431,high,12.328251,12.156502,11.813004
741,2026-06-10,1d250223c3e1b5a5,ff2f3e3931541c05,-47.431,high,10.326762,10.153523,9.807045
742,2026-06-10,8f88d90f7330d84a,12906322720b8889,-50.801,high,0.319262,0.138526,-0.222947
743,2026-06-10,8f88d90f7330d84a,12906322720b8889,-48.801,low,0.319262,0.138526,-0.222947
744,2026-06-10,85b45ab394599027,b8ebc6444773051e,-59.19,low,0.321448,0.142897,-0.214204
745,2026-06-10,85b45ab394599027,b8ebc6444773051e,-57.19,high,3.321445,3.142894,2.785792
746,2026-06-10,85b45ab394599027,b8ebc6444773051e,-55.19,high,-1.678553,-1.857104,-2.214206
747,2026-06-10,85b45ab394599027,b8ebc6444773051e,-53.19,high,-3.678551,-3.857102,-4.214204
748,2026-06-10,85b45ab394599027,b8ebc6444773051e,-51.19,high,-4.678553,-4.857104,-5.214206
749,2026-06-10,85b45ab394599027,b8ebc6444773051e,-49.19,high,-0.678551,-0.857102,-1.214204
750,2026-06-10,85b45ab394599027,b8ebc6444773051e,-47.19,low,0.321448,0.142897,-0.214204
751,2026-06-10,85b45ab394599027,b8ebc6444773051e,-45.19,low,-0.678551,-0.857102,-1.214204
752,2026-06-10,aa73110eb57ab803,317e8f997cce624a,-49.917,high,-4.678553,-4.857104,-5.214206
753,2026-06-10,aa73110eb57ab803,317e8f997cce624a,-47.917,high,-2.678552,-2.857103,-3.214205
754,2026-06-10,aa73110eb57ab803,317e8f997cce624a,-45.917,high,-3.678551,-3.857102,-4.214204
